[
  {
    "name": "City Blood Bank",
    "lat": 28.6139,
    "lng": 77.209,
    "address": "Delhi, India",
    "contact": "+91-9876543210"
  },
  {
    "name": "Central Hospital Blood Bank",
    "lat": 19.076,
    "lng": 72.8777,
    "address": "Mumbai, India",
    "contact": "+91-9876543211"
  },
  {
    "name": "Metro Blood Center",
    "lat": 12.9716,
    "lng": 77.5946,
    "address": "Bangalore, India",
    "contact": "+91-9876543212"
  },
  {
    "name": "Regional Blood Bank",
    "lat": 13.0827,
    "lng": 80.2707,
    "address": "Chennai, India",
    "contact": "+91-9876543213"
  }
]